{"cameraMode":{"drawMode":0,"name":"Shaded","section":"Shading Mode"},"sceneLighting":false,"audioPlay":false,"sceneViewState":{"m_AlwaysRefresh":false,"showFog":true,"showSkybox":false,"showFlares":true,"showImageEffects":true,"showParticleSystems":true,"showVisualEffectGraphs":true,"m_FxEnabled":true},"in2DMode":false,"pivot":{"x":2.8488471508026125,"y":1.7699999809265137,"z":11.210803031921387},"rotation":{"x":0.20926187932491303,"y":-0.026398535817861558,"z":0.005651445128023624,"w":0.977485716342926},"size":0.642218291759491,"orthographic":true}