{"cameraMode":{"drawMode":0,"name":"Shaded","section":"Shading Mode"},"sceneLighting":true,"audioPlay":false,"sceneViewState":{"m_AlwaysRefresh":false,"showFog":true,"showSkybox":true,"showFlares":true,"showImageEffects":true,"showParticleSystems":true,"showVisualEffectGraphs":true,"m_FxEnabled":true},"in2DMode":false,"pivot":{"x":1.2491507530212403,"y":-58.050743103027347,"z":29.94570541381836},"rotation":{"x":0.4557313919067383,"y":0.025364454835653306,"z":-0.012988551519811154,"w":0.8896675109863281},"size":45.04362106323242,"orthographic":false}