{"cameraMode":{"drawMode":0,"name":"Shaded","section":"Shading Mode"},"sceneLighting":true,"audioPlay":false,"sceneViewState":{"m_AlwaysRefresh":false,"showFog":true,"showSkybox":true,"showFlares":true,"showImageEffects":true,"showParticleSystems":true,"showVisualEffectGraphs":true,"m_FxEnabled":true},"in2DMode":false,"pivot":{"x":-54.60517120361328,"y":55.17079544067383,"z":-154.27569580078126},"rotation":{"x":-0.00008532121137250215,"y":-0.9984148144721985,"z":0.0014970161719247699,"w":-0.05636001005768776},"size":121.9410400390625,"orthographic":false}