{"cameraMode":{"drawMode":0,"name":"Shaded","section":"Shading Mode"},"sceneLighting":false,"audioPlay":false,"sceneViewState":{"m_AlwaysRefresh":false,"showFog":true,"showSkybox":false,"showFlares":true,"showImageEffects":true,"showParticleSystems":true,"showVisualEffectGraphs":true,"m_FxEnabled":true},"in2DMode":false,"pivot":{"x":10.1899995803833,"y":2.9962825775146486,"z":-17.299999237060548},"rotation":{"x":0.10779732465744019,"y":-0.16326890885829926,"z":0.017949819564819337,"w":0.9805113077163696},"size":2.598076105117798,"orthographic":true}